startdate,enddate,employeekey,parentemployeekey,employeenationalidalternatekey,parentemployeenationalidalternatekey,salesterritorykey,firstname,lastname,middlename,namestyle,title,hiredate,birthdate,loginid,emailaddress,phone,maritalstatus,emergencycontactname,emergencycontactphone,salariedflag,gender,payfrequency,baserate,vacationhours,sickleavehours,currentflag,salespersonflag,departmentname,startdate_2,enddate_2,status
2006-01-28,,1,18,14417807,NULL,11,Guy,Gilbert,R,0,Production Technician - WC60,2006-01-28,1981-11-12,adventure-works\guy1,guy1@adventure-works.com,320-555-0195,M,Guy Gilbert,320-555-0195,0,M,1,12.45,21,30,1,0,Production,2006-01-28,,Current
2006-08-26,,2,7,253022876,NULL,11,Kevin,Brown,F,0,Marketing Assistant,2006-08-26,1986-12-01,adventure-works\kevin0,kevin0@adventure-works.com,150-555-0189,S,Kevin Brown,150-555-0189,0,M,2,13.4615,42,41,1,0,Marketing,2006-08-26,,Current
2007-06-11,,3,14,509647174,NULL,11,Roberto,Tamburello,NULL,0,Engineering Manager,2007-06-11,1974-06-12,adventure-works\roberto0,roberto0@adventure-works.com,212-555-0187,M,Roberto Tamburello,212-555-0187,1,M,2,43.2692,2,21,1,0,Engineering,2007-06-11,,Current
2007-07-05,2009-12-28,4,3,112457891,NULL,11,Rob,Walters,NULL,0,Senior Tool Designer,2007-07-05,1974-07-23,adventure-works\rob0,rob0@adventure-works.com,612-555-0100,S,Rob Walters,612-555-0100,0,M,2,29.8462,48,80,1,0,Tool Design,2007-07-05,2009-12-28,NULL
2007-07-11,,6,267,480168528,NULL,11,Thierry,D'Hers,B,0,Tool Designer,2007-07-11,1959-02-26,adventure-works\thierry0,thierry0@adventure-works.com,168-555-0183,M,Thierry D'Hers,168-555-0183,0,M,2,25.0,9,24,1,0,Tool Design,2007-07-11,,Current
2007-07-26,,9,23,309738752,NULL,11,JoLynn,Dobney,M,0,Production Supervisor - WC60,2007-07-26,1955-08-16,adventure-works\jolynn0,jolynn0@adventure-works.com,903-555-0145,S,JoLynn Dobney,903-555-0145,0,F,2,25.0,82,61,1,0,Production,2007-07-26,,Current
2007-08-06,,10,189,690627818,NULL,11,Ruth,Ellerbrock,Ann,0,Production Technician - WC10,2007-08-06,1956-01-03,adventure-works\ruth0,ruth0@adventure-works.com,145-555-0130,M,Ruth Ellerbrock,145-555-0130,0,F,1,13.45,83,61,1,0,Production,2007-08-06,,Current
2007-08-06,,11,3,695256908,NULL,11,Gail,Erickson,A,0,Design Engineer,2007-08-06,1952-04-27,adventure-works\gail0,gail0@adventure-works.com,849-555-0139,M,Gail Erickson,849-555-0139,1,F,2,32.6923,5,22,1,0,Engineering,2007-08-06,,Current
2007-08-07,,12,189,912265825,NULL,11,Barry,Johnson,K,0,Production Technician - WC10,2007-08-07,1955-10-25,adventure-works\barry0,barry0@adventure-works.com,206-555-0180,S,Barry Johnson,206-555-0180,0,M,1,13.45,88,64,1,0,Production,2007-08-07,,Current
2007-08-24,,13,3,998320692,NULL,11,Jossef,Goldberg,H,0,Design Engineer,2007-08-24,1958-10-09,adventure-works\jossef0,jossef0@adventure-works.com,122-555-0189,M,Jossef Goldberg,122-555-0189,1,M,2,32.6923,6,23,1,0,Engineering,2007-08-24,,Current
2007-08-31,,14,112,245797967,NULL,11,Terri,Duffy,Lee,0,Vice President of Engineering,2007-08-31,1971-03-01,adventure-works\terri0,terri0@adventure-works.com,819-555-0175,S,Terri Duffy,819-555-0175,1,F,2,63.4615,1,20,1,0,Engineering,2007-08-31,,Current
2007-09-02,,15,189,844973625,NULL,11,Sidney,Higa,M,0,Production Technician - WC10,2007-09-02,1956-03-30,adventure-works\sidney0,sidney0@adventure-works.com,424-555-0189,M,Sidney Higa,424-555-0189,0,M,1,13.45,84,62,1,0,Production,2007-09-02,,Current
2007-09-08,,16,23,233069302,NULL,11,Taylor,Maxwell,R,0,Production Supervisor - WC50,2007-09-08,1955-10-31,adventure-works\taylor0,taylor0@adventure-works.com,508-555-0165,M,Taylor Maxwell,508-555-0165,0,M,2,25.0,79,59,1,0,Production,2007-09-08,,Current
2007-09-20,,17,189,132674823,NULL,11,Jeffrey,Ford,L,0,Production Technician - WC10,2007-09-20,1956-02-09,adventure-works\jeffrey0,jeffrey0@adventure-works.com,984-555-0185,S,Jeffrey Ford,984-555-0185,0,M,1,13.45,85,62,1,0,Production,2007-09-20,,Current
2007-09-27,,18,23,446466105,NULL,11,Jo,Brown,A,0,Production Supervisor - WC60,2007-09-27,1956-05-08,adventure-works\jo0,jo0@adventure-works.com,632-555-0129,S,Jo Brown,632-555-0129,0,F,2,25.0,80,60,1,0,Production,2007-09-27,,Current
2007-10-09,,19,189,565090917,NULL,11,Doris,Hartwig,M,0,Production Technician - WC10,2007-10-09,1955-11-03,adventure-works\doris0,doris0@adventure-works.com,328-555-0150,M,Doris Hartwig,328-555-0150,0,F,1,13.45,86,63,1,0,Production,2007-10-09,,Current
2007-10-16,,20,23,494170342,NULL,11,John,Campbell,T,0,Production Supervisor - WC60,2007-10-16,1956-03-07,adventure-works\john0,john0@adventure-works.com,435-555-0113,M,John Campbell,435-555-0113,0,M,2,25.0,81,60,1,0,Production,2007-10-16,,Current
2007-10-27,,21,189,9659517,NULL,11,Diane,Glimp,R,0,Production Technician - WC10,2007-10-27,1955-10-28,adventure-works\diane0,diane0@adventure-works.com,202-555-0151,M,Diane Glimp,202-555-0151,0,F,1,13.45,87,63,1,0,Production,2007-10-27,,Current
2008-07-01,,22,177,443968955,NULL,11,Steven,Selikoff,T,0,Production Technician - WC30,2008-07-01,1976-12-12,adventure-works\steven0,steven0@adventure-works.com,925-555-0114,M,Steven Selikoff,925-555-0114,0,M,1,9.5,41,40,1,0,Production,2008-07-01,,Current
2008-07-01,,23,112,277173473,NULL,11,Peter,Krebs,J,0,Production Control Manager,2008-07-01,1982-06-03,adventure-works\peter0,peter0@adventure-works.com,913-555-0196,M,Peter Krebs,913-555-0196,1,M,2,24.5192,43,41,1,0,Production Control,2008-07-01,,Current
2008-07-02,,24,201,835460180,NULL,11,Stuart,Munson,V,0,Production Technician - WC45,2008-07-02,1962-04-13,adventure-works\stuart0,stuart0@adventure-works.com,413-555-0136,S,Stuart Munson,413-555-0136,0,M,1,10.0,84,62,1,0,Production,2008-07-02,,Current
2008-07-02,,25,201,687685941,NULL,11,Greg,Alderson,F,0,Production Technician - WC45,2008-07-02,1975-11-15,adventure-works\greg0,greg0@adventure-works.com,332-555-0150,S,Greg Alderson,332-555-0150,0,M,1,10.0,85,62,1,0,Production,2008-07-02,,Current
2008-07-02,,26,188,498138869,NULL,11,David,Johnson,N,0,Production Technician - WC30,2008-07-02,1979-06-02,adventure-works\david1,david1@adventure-works.com,166-555-0162,S,David Johnson,166-555-0162,0,M,1,9.5,25,32,1,0,Production,2008-07-02,,Current
2008-07-03,,27,23,360868122,NULL,11,Zheng,Mu,W,0,Production Supervisor - WC10,2008-07-03,1983-05-26,adventure-works\zheng0,zheng0@adventure-works.com,113-555-0173,S,Zheng Mu,113-555-0173,0,M,2,25.0,66,53,1,0,Production,2008-07-03,,Current
2008-07-04,,28,111,964089218,NULL,11,Ivo,Salmre,William,0,Production Technician - WC20,2008-07-04,1981-08-03,adventure-works\ivo0,ivo0@adventure-works.com,115-555-0179,M,Ivo Salmre,115-555-0179,0,M,1,14.0,9,24,1,0,Production,2008-07-04,,Current
2008-07-04,,29,89,384162788,NULL,11,Paul,Komosinski,B,0,Production Technician - WC40,2008-07-04,1980-06-13,adventure-works\paul0,paul0@adventure-works.com,147-555-0160,S,Paul Komosinski,147-555-0160,0,M,1,15.0,68,54,1,0,Production,2008-07-04,,Current
2008-07-04,,30,154,749389530,NULL,11,Ashvini,Sharma,R,0,Network Administrator,2008-07-04,1976-10-25,adventure-works\ashvini0,ashvini0@adventure-works.com,656-555-0119,S,Ashvini Sharma,656-555-0119,0,M,2,32.4519,70,55,1,0,Information Services,2008-07-04,,Current
2008-07-05,,31,16,571658797,NULL,11,Kendall,Keil,C,0,Production Technician - WC50,2008-07-05,1985-12-28,adventure-works\kendall0,kendall0@adventure-works.com,138-555-0128,M,Kendall Keil,138-555-0128,0,M,1,11.0,11,25,1,0,Production,2008-07-05,,Current
2008-07-06,,32,143,535145551,NULL,11,Paula,Barreto de Mattos,M,0,Human Resources Manager,2008-07-06,1975-09-11,adventure-works\paula0,paula0@adventure-works.com,523-555-0175,M,Paula Barreto de Mattos,523-555-0175,1,F,2,27.1394,54,47,1,0,Human Resources,2008-07-06,,Current
2008-07-06,,33,214,761597760,NULL,11,Alejandro,McGuel,E,0,Production Technician - WC40,2008-07-06,1988-07-05,adventure-works\alejandro0,alejandro0@adventure-works.com,668-555-0130,S,Alejandro McGuel,668-555-0130,0,M,1,15.0,52,46,1,0,Production,2008-07-06,,Current
2008-07-07,,34,188,271438431,NULL,11,Garrett,Young,R,0,Production Technician - WC30,2008-07-07,1984-03-25,adventure-works\garrett0,garrett0@adventure-works.com,609-555-0179,S,Garrett Young,609-555-0179,0,M,1,9.5,34,37,1,0,Production,2008-07-07,,Current
2008-07-07,,35,138,160739235,NULL,11,Jian Shuo,Wang,NULL,0,Production Technician - WC30,2008-07-07,1983-02-24,adventure-works\jianshuo0,jianshuo0@adventure-works.com,952-555-0178,S,Jian Shuo Wang,952-555-0178,0,M,1,9.5,36,38,1,0,Production,2008-07-07,,Current
2008-07-07,,36,87,586486572,NULL,11,Susan,Eaton,W,0,Stocker,2008-07-07,1977-09-17,adventure-works\susan0,susan0@adventure-works.com,943-555-0196,S,Susan Eaton,943-555-0196,0,F,1,9.0,97,68,1,0,Shipping and Receiving,2008-07-07,,Current
2008-07-07,,37,87,337752649,NULL,11,Vamsi,Kuppa,N,0,Shipping and Receiving Clerk,2008-07-07,1976-10-16,adventure-works\vamsi0,vamsi0@adventure-works.com,937-555-0137,M,Vamsi Kuppa,937-555-0137,0,M,2,9.5,95,67,1,0,Shipping and Receiving,2008-07-07,,Current
2008-07-07,,38,40,113695504,NULL,11,Alice,Ciccu,O,0,Production Technician - WC50,2008-07-07,1977-08-26,adventure-works\alice0,alice0@adventure-works.com,333-555-0173,M,Alice Ciccu,333-555-0173,0,F,1,11.0,95,67,1,0,Production,2008-07-07,,Current
2008-07-08,,39,9,276751903,NULL,11,Simon,Rapier,D,0,Production Technician - WC60,2008-07-08,1989-12-15,adventure-works\simon0,simon0@adventure-works.com,963-555-0134,S,Simon Rapier,963-555-0134,0,M,1,12.45,38,39,1,0,Production,2008-07-08,,Current
2008-07-08,,40,23,630184120,NULL,11,Jinghao,Liu,K,0,Production Supervisor - WC50,2008-07-08,1988-09-05,adventure-works\jinghao0,jinghao0@adventure-works.com,794-555-0159,S,Jinghao Liu,794-555-0159,0,M,2,25.0,77,58,1,0,Production,2008-07-08,,Current
2008-07-09,,41,186,545337468,NULL,11,Michael,Hines,T,0,Production Technician - WC20,2008-07-09,1989-12-15,adventure-works\michael0,michael0@adventure-works.com,218-555-0126,S,Michael Hines,218-555-0126,0,M,1,14.0,20,30,1,0,Production,2008-07-09,,Current
2008-07-09,,42,163,713403643,NULL,11,Yvonne,McKay,S,0,Production Technician - WC45,2008-07-09,1988-11-13,adventure-works\yvonne0,yvonne0@adventure-works.com,286-555-0189,M,Yvonne McKay,286-555-0189,0,F,1,10.0,79,59,1,0,Production,2008-07-09,,Current
2008-07-09,,43,204,885055826,NULL,11,Peng,Wu,J,0,Quality Assurance Supervisor,2008-07-09,1975-10-17,adventure-works\peng0,peng0@adventure-works.com,164-555-0164,M,Peng Wu,164-555-0164,1,M,2,21.6346,81,60,1,0,Quality Assurance,2008-07-09,,Current
2008-07-11,,44,112,441044382,NULL,11,Jean,Trenary,E,0,Information Services Manager,2008-07-11,1975-07-13,adventure-works\jean0,jean0@adventure-works.com,685-555-0120,S,Jean Trenary,685-555-0120,1,F,2,50.4808,65,52,1,0,Information Services,2008-07-11,,Current
2008-07-12,,45,76,718299860,NULL,11,Russell,Hunter,NULL,0,Production Technician - WC50,2008-07-12,1972-06-25,adventure-works\russell0,russell0@adventure-works.com,786-555-0144,M,Russell Hunter,786-555-0144,0,M,1,11.0,6,23,1,0,Production,2008-07-12,,Current
2008-07-12,,46,23,685233686,NULL,11,A. Scott,Wright,NULL,0,Master Scheduler,2008-07-12,1968-04-17,adventure-works\ascott0,ascott0@adventure-works.com,992-555-0194,S,A. Scott Wright,992-555-0194,0,M,2,23.5577,44,42,1,0,Production Control,2008-07-12,,Current
2008-07-12,,47,214,295971920,NULL,11,Fred,Northup,T,0,Production Technician - WC40,2008-07-12,1989-01-23,adventure-works\fred0,fred0@adventure-works.com,818-555-0192,S,Fred Northup,818-555-0192,0,M,1,15.0,47,43,1,0,Production,2008-07-12,,Current
2008-07-12,,48,7,95958330,NULL,11,Sariya,Harnpadoungsataya,E,0,Marketing Specialist,2008-07-12,1986-12-19,adventure-works\sariya0,sariya0@adventure-works.com,399-555-0176,S,Sariya Harnpadoungsataya,399-555-0176,0,M,2,14.4231,45,42,1,0,Marketing,2008-07-12,,Current
2008-07-13,,49,32,332040978,NULL,11,Willis,Johnson,T,0,Recruiter,2008-07-13,1978-02-15,adventure-works\willis0,willis0@adventure-works.com,778-555-0141,S,Willis Johnson,778-555-0141,0,M,2,18.2692,49,44,1,0,Human Resources,2008-07-13,,Current
2008-07-14,,50,40,857651804,NULL,11,Jun,Cao,T,0,Production Technician - WC50,2008-07-14,1979-02-03,adventure-works\jun0,jun0@adventure-works.com,299-555-0113,S,Jun Cao,299-555-0113,0,M,1,11.0,90,65,1,0,Production,2008-07-14,,Current
2008-07-14,,51,222,553069203,NULL,11,Christian,Kleinerman,E,0,Maintenance Supervisor,2008-07-14,1975-08-18,adventure-works\christian0,christian0@adventure-works.com,846-555-0157,M,Christian Kleinerman,846-555-0157,1,M,2,20.4327,92,66,1,0,Facilities and Maintenance,2008-07-14,,Current
2008-07-14,,52,188,351069889,NULL,11,Susan,Metters,A,0,Production Technician - WC30,2008-07-14,1982-10-31,adventure-works\susan1,susan1@adventure-works.com,639-555-0164,S,Susan Metters,639-555-0164,0,F,1,9.5,31,35,1,0,Production,2008-07-14,,Current
2008-07-15,,53,23,370989364,NULL,11,Reuben,D'sa,H,0,Production Supervisor - WC40,2008-07-15,1987-03-27,adventure-works\reuben0,reuben0@adventure-works.com,191-555-0112,M,Reuben D'sa,191-555-0112,0,M,2,25.0,72,56,1,0,Production,2008-07-15,,Current
2008-07-15,,54,126,275962311,NULL,11,Kirk,Koenigsbauer,J,0,Production Technician - WC45,2008-07-15,1984-09-06,adventure-works\kirk0,kirk0@adventure-works.com,669-555-0150,S,Kirk Koenigsbauer,669-555-0150,0,M,1,10.0,74,57,1,0,Production,2008-07-15,,Current
2008-07-15,,55,20,36151748,NULL,11,David,Ortiz,J,0,Production Technician - WC60,2008-07-15,1984-07-29,adventure-works\david2,david2@adventure-works.com,712-555-0119,M,David Ortiz,712-555-0119,0,M,1,12.45,33,36,1,0,Production,2008-07-15,,Current
2008-07-16,,56,92,540688287,NULL,11,Tengiz,Kharatishvili,N,0,Control Specialist,2008-07-16,1989-11-26,adventure-works\tengiz0,tengiz0@adventure-works.com,910-555-0116,S,Tengiz Kharatishvili,910-555-0116,0,M,2,16.8269,76,58,1,0,Document Control,2008-07-16,,Current
2008-07-16,,57,147,568596888,NULL,11,Hanying,Feng,P,0,Production Technician - WC20,2008-07-16,1974-05-16,adventure-works\hanying0,hanying0@adventure-works.com,319-555-0139,S,Hanying Feng,319-555-0139,0,M,1,14.0,15,27,1,0,Production,2008-07-16,,Current
2008-07-17,,58,214,918737118,NULL,11,Kevin,Liu,H,0,Production Technician - WC40,2008-07-17,1985-07-25,adventure-works\kevin1,kevin1@adventure-works.com,714-555-0138,S,Kevin Liu,714-555-0138,0,M,1,15.0,58,49,1,0,Production,2008-07-17,,Current
2008-07-17,,59,18,801758002,NULL,11,Annik,Stahl,O,0,Production Technician - WC60,2008-07-17,1976-07-26,adventure-works\annik0,annik0@adventure-works.com,499-555-0125,M,Annik Stahl,499-555-0125,0,M,1,12.45,17,28,1,0,Production,2008-07-17,,Current
2008-07-17,,60,40,415823523,NULL,11,Suroor,Fatima,R,0,Production Technician - WC50,2008-07-17,1977-09-25,adventure-works\suroor0,suroor0@adventure-works.com,932-555-0161,S,Suroor Fatima,932-555-0161,0,M,1,11.0,93,66,1,0,Production,2008-07-17,,Current
2008-07-18,,61,142,363923697,NULL,11,Deborah,Poe,E,0,Accounts Receivable Specialist,2008-07-18,1975-10-05,adventure-works\deborah0,deborah0@adventure-works.com,602-555-0194,M,Deborah Poe,602-555-0194,0,F,2,19.0,60,50,1,0,Finance,2008-07-18,,Current
2008-07-19,,62,76,674171828,NULL,11,Jim,Scardelis,H,0,Production Technician - WC50,2008-07-19,1986-04-08,adventure-works\jim0,jim0@adventure-works.com,679-555-0113,M,Jim Scardelis,679-555-0113,0,M,1,11.0,1,20,1,0,Production,2008-07-19,,Current
2008-07-19,,63,177,138280935,NULL,11,Carole,Poland,M,0,Production Technician - WC30,2008-07-19,1983-05-19,adventure-works\carole0,carole0@adventure-works.com,688-555-0192,M,Carole Poland,688-555-0192,0,F,1,9.5,42,41,1,0,Production,2008-07-19,,Current
2008-07-21,,64,188,476115505,NULL,11,George,Li,Z,0,Production Technician - WC30,2008-07-21,1976-11-14,adventure-works\george0,george0@adventure-works.com,518-555-0199,M,George Li,518-555-0199,0,M,1,9.5,26,33,1,0,Production,2008-07-21,,Current
2008-07-22,,65,89,502058701,NULL,11,Gary,Yukish,W,0,Production Technician - WC40,2008-07-22,1987-12-15,adventure-works\gary0,gary0@adventure-works.com,901-555-0125,S,Gary Yukish,901-555-0125,0,M,1,15.0,69,54,1,0,Production,2008-07-22,,Current
2008-07-22,,66,23,7201901,NULL,11,Cristian,Petculescu,K,0,Production Supervisor - WC10,2008-07-22,1983-11-10,adventure-works\cristian0,cristian0@adventure-works.com,434-555-0133,M,Cristian Petculescu,434-555-0133,0,M,2,25.0,67,53,1,0,Production,2008-07-22,,Current
2008-07-23,,67,147,97728960,NULL,11,Raymond,Sam,K,0,Production Technician - WC20,2008-07-23,1966-09-30,adventure-works\raymond0,raymond0@adventure-works.com,226-555-0197,M,Raymond Sam,226-555-0197,0,M,1,14.0,10,25,1,0,Production,2008-07-23,,Current
2008-07-23,,68,44,525932996,NULL,11,Janaina,Bueno,Barreiro Gambaro,0,Application Specialist,2008-07-23,1984-08-30,adventure-works\janaina0,janaina0@adventure-works.com,623-555-0155,M,Janaina Bueno,623-555-0155,1,F,2,27.4038,71,55,1,0,Information Services,2008-07-23,,Current
2008-07-24,,69,16,843479922,NULL,11,Bob,Hohman,N,0,Production Technician - WC50,2008-07-24,1979-03-16,adventure-works\bob0,bob0@adventure-works.com,611-555-0116,S,Bob Hohman,611-555-0116,0,M,1,11.0,12,26,1,0,Production,2008-07-24,,Current
2008-07-24,,70,214,370487086,NULL,11,Shammi,Mohamed,G,0,Production Technician - WC40,2008-07-24,1980-05-04,adventure-works\shammi0,shammi0@adventure-works.com,793-555-0179,M,Shammi Mohamed,793-555-0179,0,M,1,15.0,53,46,1,0,Production,2008-07-24,,Current
2008-07-25,,71,40,54759846,NULL,11,Linda,Moschell,K,0,Production Technician - WC50,2008-07-25,1987-02-14,adventure-works\linda0,linda0@adventure-works.com,612-555-0171,M,Linda Moschell,612-555-0171,0,F,1,11.0,96,68,1,0,Production,2008-07-25,,Current
2008-07-25,,72,32,619308550,NULL,11,Mindy,Martin,C,0,Benefits Specialist,2008-07-25,1984-06-20,adventure-works\mindy0,mindy0@adventure-works.com,522-555-0147,M,Mindy Martin,522-555-0147,0,F,2,16.5865,51,45,1,0,Human Resources,2008-07-25,,Current
2008-07-25,,73,143,121491555,NULL,11,Wendy,Kahn,Beth,0,Finance Manager,2008-07-25,1984-05-11,adventure-works\wendy0,wendy0@adventure-works.com,248-555-0134,S,Wendy Kahn,248-555-0134,1,F,2,43.2692,55,47,1,0,Finance,2008-07-25,,Current
2008-07-26,,74,87,420776180,NULL,11,Kim,Ralls,T,0,Stocker,2008-07-26,1983-11-29,adventure-works\kim0,kim0@adventure-works.com,309-555-0129,S,Kim Ralls,309-555-0129,0,F,1,9.0,98,69,1,0,Shipping and Receiving,2008-07-26,,Current
2008-07-26,,75,138,604664374,NULL,11,Sandra,Reátegui Alayo,NULL,0,Production Technician - WC30,2008-07-26,1975-06-05,adventure-works\sandra0,sandra0@adventure-works.com,896-555-0168,M,Sandra Reátegui Alayo,896-555-0168,0,F,1,9.5,37,38,1,0,Production,2008-07-26,,Current
2008-07-27,,76,23,778552911,NULL,11,Kok-Ho,Loh,T,0,Production Supervisor - WC50,2008-07-27,1979-11-27,adventure-works\kok-ho0,kok-ho0@adventure-works.com,999-555-0155,S,Kok-Ho Loh,999-555-0155,0,M,2,25.0,78,59,1,0,Production,2008-07-27,,Current
2008-07-27,,77,163,435234965,NULL,11,Douglas,Hite,B,0,Production Technician - WC45,2008-07-27,1985-06-24,adventure-works\douglas0,douglas0@adventure-works.com,808-555-0172,M,Douglas Hite,808-555-0172,0,M,1,10.0,80,60,1,0,Production,2008-07-27,,Current
2008-07-27,,78,9,339712426,NULL,11,James,Kramer,D,0,Production Technician - WC60,2008-07-27,1984-02-23,adventure-works\james0,james0@adventure-works.com,119-555-0117,M,James Kramer,119-555-0117,0,M,1,12.45,39,39,1,0,Production,2008-07-27,,Current
2008-07-28,,79,43,403414852,NULL,11,Sean,Alexander,P,0,Quality Assurance Technician,2008-07-28,1975-10-05,adventure-works\sean0,sean0@adventure-works.com,420-555-0173,S,Sean Alexander,420-555-0173,0,M,2,10.5769,82,61,1,0,Quality Assurance,2008-07-28,,Current
2008-07-28,,80,186,368920189,NULL,11,Nitin,Mirchandani,S,0,Production Technician - WC20,2008-07-28,1986-07-01,adventure-works\nitin0,nitin0@adventure-works.com,143-555-0173,S,Nitin Mirchandani,143-555-0173,0,M,1,14.0,21,30,1,0,Production,2008-07-28,,Current
2008-07-29,,81,162,811994146,NULL,11,Diane,Margheim,L,0,Research and Development Engineer,2008-07-29,1986-01-03,adventure-works\diane1,diane1@adventure-works.com,815-555-0138,S,Diane Margheim,815-555-0138,1,F,2,40.8654,62,51,1,0,Research and Development,2008-07-29,,Current
2008-07-29,,82,18,330211482,NULL,11,Rebecca,Laszlo,A,0,Production Technician - WC60,2008-07-29,1988-02-04,adventure-works\rebecca0,rebecca0@adventure-works.com,314-555-0113,M,Rebecca Laszlo,314-555-0113,0,F,1,12.45,23,31,1,0,Production,2008-07-29,,Current
2008-07-31,,83,214,632092621,NULL,11,Rajesh,Patel,M,0,Production Technician - WC40,2008-07-31,1977-05-04,adventure-works\rajesh0,rajesh0@adventure-works.com,373-555-0137,M,Rajesh Patel,373-555-0137,0,M,1,15.0,48,44,1,0,Production,2008-07-31,,Current
2008-08-01,,84,32,264306399,NULL,11,Vidur,Luthra,X,0,Recruiter,2008-08-01,1984-03-01,adventure-works\vidur0,vidur0@adventure-works.com,153-555-0186,S,Vidur Luthra,153-555-0186,0,M,2,18.2692,50,45,1,0,Human Resources,2008-08-01,,Current
2008-08-01,,85,40,981597097,NULL,11,John,Evans,P,0,Production Technician - WC50,2008-08-01,1977-12-29,adventure-works\john1,john1@adventure-works.com,172-555-0130,S,John Evans,172-555-0130,0,M,1,11.0,91,65,1,0,Production,2008-08-01,,Current
2008-08-02,,86,9,693325305,NULL,11,Nancy,Anderson,A,0,Production Technician - WC60,2008-08-02,1988-06-19,adventure-works\nancy0,nancy0@adventure-works.com,970-555-0118,M,Nancy Anderson,970-555-0118,0,F,1,12.45,34,37,1,0,Production,2008-08-02,,Current
2008-08-02,,87,23,521265716,NULL,11,Pilar,Ackerman,G,0,Shipping and Receiving Supervisor,2008-08-02,1972-04-09,adventure-works\pilar0,pilar0@adventure-works.com,577-555-0185,S,Pilar Ackerman,577-555-0185,1,M,2,19.2308,93,66,1,0,Shipping and Receiving,2008-08-02,,Current
2008-08-02,,88,188,746373306,NULL,11,David,Yalovsky,A,0,Production Technician - WC30,2008-08-02,1981-03-03,adventure-works\david3,david3@adventure-works.com,373-555-0142,S,David Yalovsky,373-555-0142,0,M,1,9.5,32,36,1,0,Production,2008-08-02,,Current
2008-08-03,,89,23,750905084,NULL,11,David,Hamilton,P,0,Production Supervisor - WC40,2008-08-03,1983-01-30,adventure-works\david4,david4@adventure-works.com,986-555-0177,S,David Hamilton,986-555-0177,0,M,2,25.0,73,56,1,0,Production,2008-08-03,,Current
2008-08-03,,90,126,514829225,NULL,11,Laura,Steele,C,0,Production Technician - WC45,2008-08-03,1980-07-25,adventure-works\laura0,laura0@adventure-works.com,777-555-0141,S,Laura Steele,777-555-0141,0,F,1,10.0,75,57,1,0,Production,2008-08-03,,Current
2008-08-04,,91,18,750246141,NULL,11,Margie,Shoop,W,0,Production Technician - WC60,2008-08-04,1985-12-18,adventure-works\margie0,margie0@adventure-works.com,818-555-0128,M,Margie Shoop,818-555-0128,0,F,1,12.45,18,29,1,0,Production,2008-08-04,,Current
2008-08-04,,92,204,345106466,NULL,11,Zainal,Arifin,T,0,Document Control Manager,2008-08-04,1975-08-30,adventure-works\zainal0,zainal0@adventure-works.com,204-555-0115,M,Zainal Arifin,204-555-0115,0,M,2,17.7885,77,58,1,0,Document Control,2008-08-04,,Current
2008-08-04,,93,214,19312190,NULL,11,Lorraine,Nay,O,0,Production Technician - WC40,2008-08-04,1988-06-26,adventure-works\lorraine0,lorraine0@adventure-works.com,845-555-0184,M,Lorraine Nay,845-555-0184,0,F,1,15.0,49,44,1,0,Production,2008-08-04,,Current
2008-08-04,,94,147,212801092,NULL,11,Fadi,Fakhouri,K,0,Production Technician - WC20,2008-08-04,1988-09-15,adventure-works\fadi0,fadi0@adventure-works.com,935-555-0116,S,Fadi Fakhouri,935-555-0116,0,M,1,14.0,16,28,1,0,Production,2008-08-04,,Current
2008-08-05,,95,53,769680433,NULL,11,Ryan,Cornelsen,L,0,Production Technician - WC40,2008-08-05,1972-01-12,adventure-works\ryan0,ryan0@adventure-works.com,208-555-0114,M,Ryan Cornelsen,208-555-0114,0,M,1,15.0,59,49,1,0,Production,2008-08-05,,Current
2008-08-06,,96,142,60517918,NULL,11,Candy,Spoon,L,0,Accounts Receivable Specialist,2008-08-06,1975-09-23,adventure-works\candy0,candy0@adventure-works.com,920-555-0177,S,Candy Spoon,920-555-0177,0,F,2,19.0,61,50,1,0,Finance,2008-08-06,,Current
2008-08-06,,97,76,431859843,NULL,11,Nuan,Yu,NULL,0,Production Technician - WC50,2008-08-06,1978-10-27,adventure-works\nuan0,nuan0@adventure-works.com,913-555-0184,S,Nuan Yu,913-555-0184,0,M,1,11.0,2,21,1,0,Production,2008-08-06,,Current
2008-08-07,2011-03-31,98,46,621209647,NULL,11,William,Vong,S,0,Scheduling Assistant,2008-08-07,1981-06-06,adventure-works\william0,william0@adventure-works.com,148-555-0145,M,William Vong,148-555-0145,0,M,2,16.0,45,42,1,0,Production Control,2008-08-07,2011-03-31,NULL
2008-08-07,,100,177,420023788,NULL,11,Bjorn,Rettig,M,0,Production Technician - WC30,2008-08-07,1989-06-06,adventure-works\bjorn0,bjorn0@adventure-works.com,199-555-0117,S,Bjorn Rettig,199-555-0117,0,M,1,9.5,43,41,1,0,Production,2008-08-07,,Current
2008-08-08,,101,201,199546871,NULL,11,Scott,Gode,R,0,Production Technician - WC45,2008-08-08,1986-09-10,adventure-works\scott0,scott0@adventure-works.com,391-555-0138,M,Scott Gode,391-555-0138,0,M,1,10.0,86,63,1,0,Production,2008-08-08,,Current
2008-08-10,,102,89,830150469,NULL,11,Michael,Rothkugel,L,0,Production Technician - WC40,2008-08-10,1990-08-04,adventure-works\michael1,michael1@adventure-works.com,454-555-0119,S,Michael Rothkugel,454-555-0119,0,M,1,15.0,70,55,1,0,Production,2008-08-10,,Current
2008-08-11,,103,147,322160340,NULL,11,Lane,Sacksteder,M,0,Production Technician - WC20,2008-08-11,1974-04-23,adventure-works\lane0,lane0@adventure-works.com,200-555-0117,M,Lane Sacksteder,200-555-0117,0,M,1,14.0,11,25,1,0,Production,2008-08-11,,Current
2008-08-11,,104,16,827686041,NULL,11,Pete,Male,C,0,Production Technician - WC50,2008-08-11,1976-09-03,adventure-works\pete0,pete0@adventure-works.com,768-555-0123,S,Pete Male,768-555-0123,0,M,1,11.0,13,26,1,0,Production,2008-08-11,,Current
2008-08-11,,105,44,671089628,NULL,11,Dan,Bacon,K,0,Application Specialist,2008-08-11,1981-01-24,adventure-works\dan0,dan0@adventure-works.com,166-555-0159,M,Dan Bacon,166-555-0159,1,M,2,27.4038,72,56,1,0,Information Services,2008-08-11,,Current
2008-08-12,,106,143,231203233,NULL,11,David,Barber,M,0,Assistant to the Chief Financial Officer,2008-08-12,1964-01-20,adventure-works\david5,david5@adventure-works.com,477-555-0132,S,David Barber,477-555-0132,0,M,2,13.4615,56,48,1,0,Finance,2008-08-12,,Current
2008-08-12,,107,76,204035155,NULL,11,Lolan,Song,B,0,Production Technician - WC50,2008-08-12,1972-08-24,adventure-works\lolan0,lolan0@adventure-works.com,582-555-0178,M,Lolan Song,582-555-0178,0,M,1,11.0,7,23,1,0,Production,2008-08-12,,Current
2008-08-12,,108,214,992874797,NULL,11,Paula,Nartker,R,0,Production Technician - WC40,2008-08-12,1986-09-10,adventure-works\paula1,paula1@adventure-works.com,476-555-0119,M,Paula Nartker,476-555-0119,0,F,1,15.0,54,47,1,0,Production,2008-08-12,,Current
2008-08-12,,109,7,767955365,NULL,11,Mary,Gibson,E,0,Marketing Specialist,2008-08-12,1962-04-13,adventure-works\mary0,mary0@adventure-works.com,531-555-0183,M,Mary Gibson,531-555-0183,0,F,2,14.4231,46,43,1,0,Marketing,2008-08-12,,Current
2008-08-13,,110,40,342607223,NULL,11,Mindaugas,Krapauskas,J,0,Production Technician - WC50,2008-08-13,1977-12-05,adventure-works\mindaugas0,mindaugas0@adventure-works.com,637-555-0120,M,Mindaugas Krapauskas,637-555-0120,0,M,1,11.0,97,68,1,0,Production,2008-08-13,,Current
2008-08-14,,111,23,45615666,NULL,11,Eric,Gubbels,NULL,0,Production Supervisor - WC20,2008-08-14,1984-08-19,adventure-works\eric0,eric0@adventure-works.com,260-555-0119,M,Eric Gubbels,260-555-0119,0,M,2,25.0,40,40,1,0,Production,2008-08-14,,Current
2008-08-14,,112,,295847284,NULL,11,Ken,Sánchez,J,0,Chief Executive Officer,2008-08-14,1968-08-29,adventure-works\ken0,ken0@adventure-works.com,697-555-0142,S,Ken Sánchez,697-555-0142,1,M,2,125.5,99,69,1,0,Executive,2008-08-14,,Current
2008-08-14,,113,138,733022683,NULL,11,Jason,Watters,M,0,Production Technician - WC30,2008-08-14,1988-07-07,adventure-works\jason0,jason0@adventure-works.com,571-555-0179,S,Jason Watters,571-555-0179,0,M,1,9.5,38,39,1,0,Production,2008-08-14,,Current
2008-08-15,,114,43,381772114,NULL,11,Mark,Harrington,L,0,Quality Assurance Technician,2008-08-15,1985-11-28,adventure-works\mark0,mark0@adventure-works.com,147-555-0179,S,Mark Harrington,147-555-0179,0,M,2,10.5769,83,61,1,0,Quality Assurance,2008-08-15,,Current
2008-08-15,,115,163,187369436,NULL,11,Janeth,Esteves,M,0,Production Technician - WC45,2008-08-15,1972-02-22,adventure-works\janeth0,janeth0@adventure-works.com,540-555-0191,S,Janeth Esteves,540-555-0191,0,F,1,10.0,81,60,1,0,Production,2008-08-15,,Current
2008-08-16,,116,188,364818297,NULL,11,Marc,Ingle,J,0,Production Technician - WC30,2008-08-16,1986-05-24,adventure-works\marc0,marc0@adventure-works.com,234-555-0169,M,Marc Ingle,234-555-0169,0,M,1,9.5,22,31,1,0,Production,2008-08-16,,Current
2008-08-16,,117,162,658797903,NULL,11,Gigi,Matthew,N,0,Research and Development Engineer,2008-08-16,1978-08-21,adventure-works\gigi0,gigi0@adventure-works.com,185-555-0186,M,Gigi Matthew,185-555-0186,1,F,2,40.8654,63,51,1,0,Research and Development,2008-08-16,,Current
2008-08-17,,118,111,886023130,NULL,11,Paul,Singh,R,0,Production Technician - WC20,2008-08-17,1990-06-04,adventure-works\paul1,paul1@adventure-works.com,727-555-0112,M,Paul Singh,727-555-0112,0,M,1,14.0,6,23,1,0,Production,2008-08-17,,Current
2008-08-17,,119,214,749211824,NULL,11,Frank,Lee,T,0,Production Technician - WC40,2008-08-17,1987-04-06,adventure-works\frank0,frank0@adventure-works.com,158-555-0191,M,Frank Lee,158-555-0191,0,M,1,15.0,56,48,1,0,Production,2008-08-17,,Current
2008-08-17,,120,44,643805155,NULL,11,François,Ajenstat,P,0,Database Administrator,2008-08-17,1980-06-13,adventure-works\françois0,françois0@adventure-works.com,785-555-0110,S,François Ajenstat,785-555-0110,1,M,2,38.4615,67,53,1,0,Information Services,2008-08-17,,Current
2008-08-18,,121,16,92096924,NULL,11,Diane,Tibbott,H,0,Production Technician - WC50,2008-08-18,1989-03-09,adventure-works\diane2,diane2@adventure-works.com,361-555-0180,S,Diane Tibbott,361-555-0180,0,F,1,11.0,8,24,1,0,Production,2008-08-18,,Current
2008-08-18,,122,7,72636981,NULL,11,Jill,Williams,A,0,Marketing Specialist,2008-08-18,1979-01-16,adventure-works\jill0,jill0@adventure-works.com,510-555-0121,M,Jill Williams,510-555-0121,0,F,2,14.4231,47,43,1,0,Marketing,2008-08-18,,Current
2008-08-20,,123,40,563680513,NULL,11,Angela,Barbariol,W,0,Production Technician - WC50,2008-08-20,1990-12-29,adventure-works\angela0,angela0@adventure-works.com,150-555-0194,S,Angela Barbariol,150-555-0194,0,F,1,11.0,92,66,1,0,Production,2008-08-20,,Current
2008-08-20,,124,87,584205124,NULL,11,Matthias,Berndt,T,0,Shipping and Receiving Clerk,2008-08-20,1973-06-11,adventure-works\matthias0,matthias0@adventure-works.com,139-555-0120,M,Matthias Berndt,139-555-0120,0,M,2,9.5,94,67,1,0,Shipping and Receiving,2008-08-20,,Current
2008-08-21,,125,9,458159238,NULL,11,Bryan,Baker,NULL,0,Production Technician - WC60,2008-08-21,1973-03-27,adventure-works\bryan0,bryan0@adventure-works.com,712-555-0113,S,Bryan Baker,712-555-0113,0,M,1,12.45,35,37,1,0,Production,2008-08-21,,Current
2008-08-21,,126,23,712885347,NULL,11,Jeff,Hay,V,0,Production Supervisor - WC45,2008-08-21,1976-08-15,adventure-works\jeff0,jeff0@adventure-works.com,350-555-0167,M,Jeff Hay,350-555-0167,0,M,2,25.0,74,57,1,0,Production,2008-08-21,,Current
2008-08-21,,127,188,87268837,NULL,11,Eugene,Zabokritski,R,0,Production Technician - WC30,2008-08-21,1987-02-12,adventure-works\eugene0,eugene0@adventure-works.com,241-555-0191,S,Eugene Zabokritski,241-555-0191,0,M,1,9.5,33,36,1,0,Production,2008-08-21,,Current
2008-08-22,,128,186,969985265,NULL,11,Barbara,Decker,S,0,Production Technician - WC20,2008-08-22,1984-07-29,adventure-works\barbara0,barbara0@adventure-works.com,119-555-0192,M,Barbara Decker,119-555-0192,0,F,1,14.0,17,28,1,0,Production,2008-08-22,,Current
2008-08-22,,129,126,539490372,NULL,11,Chris,Preston,T,0,Production Technician - WC45,2008-08-22,1988-07-16,adventure-works\chris0,chris0@adventure-works.com,200-555-0112,M,Chris Preston,200-555-0112,0,M,1,10.0,76,58,1,0,Production,2008-08-22,,Current
2008-08-22,,130,92,242381745,NULL,11,Sean,Chai,N,0,Document Control Assistant,2008-08-22,1986-10-10,adventure-works\sean1,sean1@adventure-works.com,205-555-0132,S,Sean Chai,205-555-0132,0,M,2,10.25,78,59,1,0,Document Control,2008-08-22,,Current
2008-08-22,,131,44,929666391,NULL,11,Dan,Wilson,B,0,Database Administrator,2008-08-22,1975-08-06,adventure-works\dan1,dan1@adventure-works.com,653-555-0144,M,Dan Wilson,653-555-0144,1,M,2,38.4615,66,53,1,0,Information Services,2008-08-22,,Current
2008-08-23,,132,18,948320468,NULL,11,Mark,McArthur,K,0,Production Technician - WC60,2008-08-23,1979-04-25,adventure-works\mark1,mark1@adventure-works.com,417-555-0154,S,Mark McArthur,417-555-0154,0,M,1,12.45,19,29,1,0,Production,2008-08-23,,Current
2008-08-24,,133,142,931190412,NULL,11,Bryan,Walton,A,0,Accounts Receivable Specialist,2008-08-24,1984-04-20,adventure-works\bryan1,bryan1@adventure-works.com,935-555-0199,S,Bryan Walton,935-555-0199,0,M,2,19.0,62,51,1,0,Finance,2008-08-24,,Current
2008-08-25,,134,76,153288994,NULL,11,Houman,Pournasseh,N,0,Production Technician - WC50,2008-08-25,1971-03-30,adventure-works\houman0,houman0@adventure-works.com,180-555-0136,M,Houman Pournasseh,180-555-0136,0,M,1,11.0,3,21,1,0,Production,2008-08-25,,Current
2008-08-26,,135,46,981495526,NULL,11,Sairaj,Uddin,L,0,Scheduling Assistant,2008-08-26,1987-07-22,adventure-works\sairaj0,sairaj0@adventure-works.com,500-555-0159,M,Sairaj Uddin,500-555-0159,0,M,2,16.0,46,43,1,0,Production Control,2008-08-26,,Current
2008-08-26,,136,177,363996959,NULL,11,Michiko,Osada,F,0,Production Technician - WC30,2008-08-26,1982-01-25,adventure-works\michiko0,michiko0@adventure-works.com,984-555-0148,S,Michiko Osada,984-555-0148,0,M,1,9.5,44,42,1,0,Production,2008-08-26,,Current
2008-08-27,,137,188,585408256,NULL,11,Benjamin,Martin,R,0,Production Technician - WC30,2008-08-27,1985-08-05,adventure-works\benjamin0,benjamin0@adventure-works.com,533-555-0111,S,Benjamin Martin,533-555-0111,0,M,1,9.5,28,34,1,0,Production,2008-08-27,,Current
2008-08-27,,138,23,386315192,NULL,11,Cynthia,Randall,S,0,Production Supervisor - WC30,2008-08-27,1981-03-18,adventure-works\cynthia0,cynthia0@adventure-works.com,352-555-0138,S,Cynthia Randall,352-555-0138,0,F,2,25.0,69,54,1,0,Production,2008-08-27,,Current
2008-08-27,,139,201,167554340,NULL,11,Kathie,Flood,E,0,Production Technician - WC45,2008-08-27,1990-06-01,adventure-works\kathie0,kathie0@adventure-works.com,446-555-0118,M,Kathie Flood,446-555-0118,0,F,1,10.0,87,63,1,0,Production,2008-08-27,,Current
2008-08-29,,140,18,410742000,NULL,11,Britta,Simon,L,0,Production Technician - WC60,2008-08-29,1989-04-28,adventure-works\britta0,britta0@adventure-works.com,955-555-0169,M,Britta Simon,955-555-0169,0,F,1,12.45,14,27,1,0,Production,2008-08-29,,Current
2008-08-29,,141,214,746201340,NULL,11,Brian,Lloyd,T,0,Production Technician - WC40,2008-08-29,1976-09-10,adventure-works\brian0,brian0@adventure-works.com,110-555-0182,S,Brian Lloyd,110-555-0182,0,M,1,15.0,55,47,1,0,Production,2008-08-29,,Current
2008-08-30,,142,143,30845,NULL,11,David,Liu,J,0,Accounts Manager,2008-08-30,1983-02-05,adventure-works\david6,david6@adventure-works.com,646-555-0185,M,David Liu,646-555-0185,1,M,2,34.7356,57,48,1,0,Finance,2008-08-30,,Current
2008-08-31,2013-06-13,143,112,184188301,NULL,11,Laura,Norman,F,0,Chief Financial Officer,2008-08-31,1975-08-06,adventure-works\laura1,laura1@adventure-works.com,615-555-0110,M,Laura Norman,615-555-0110,1,F,2,60.0962,0,20,1,0,Executive,2008-08-31,2013-06-13,NULL
2008-08-31,,145,40,398737566,NULL,11,Michael,Patten,W,0,Production Technician - WC50,2008-08-31,1973-12-01,adventure-works\michael2,michael2@adventure-works.com,441-555-0195,S,Michael Patten,441-555-0195,0,M,1,11.0,98,69,1,0,Production,2008-08-31,,Current
2008-08-31,,146,138,764853868,NULL,11,Andy,Ruth,M,0,Production Technician - WC30,2008-08-31,1983-05-20,adventure-works\andy0,andy0@adventure-works.com,118-555-0110,M,Andy Ruth,118-555-0110,0,M,1,9.5,39,39,1,0,Production,2008-08-31,,Current
2008-09-01,,147,23,319472946,NULL,11,Yuhong,Li,L,0,Production Supervisor - WC20,2008-09-01,1976-11-04,adventure-works\yuhong0,yuhong0@adventure-works.com,965-555-0155,M,Yuhong Li,965-555-0155,0,M,2,25.0,41,40,1,0,Production,2008-09-01,,Current
2008-09-02,,148,163,456839592,NULL,11,Robert,Rounthwaite,J,0,Production Technician - WC45,2008-09-02,1984-09-28,adventure-works\robert0,robert0@adventure-works.com,589-555-0147,S,Robert Rounthwaite,589-555-0147,0,M,1,10.0,82,61,1,0,Production,2008-09-02,,Current
2008-09-02,,149,43,131471224,NULL,11,Andreas,Berglund,T,0,Quality Assurance Technician,2008-09-02,1988-10-26,adventure-works\andreas0,andreas0@adventure-works.com,181-555-0124,M,Andreas Berglund,181-555-0124,0,M,2,10.5769,84,62,1,0,Quality Assurance,2008-09-02,,Current
2008-09-02,,150,188,259388196,NULL,11,Reed,Koch,T,0,Production Technician - WC30,2008-09-02,1988-08-08,adventure-works\reed0,reed0@adventure-works.com,678-555-0110,M,Reed Koch,678-555-0110,0,M,1,9.5,23,31,1,0,Production,2008-09-02,,Current
2008-09-03,,151,147,812797414,NULL,11,Linda,Randall,A,0,Production Technician - WC20,2008-09-03,1977-05-05,adventure-works\linda1,linda1@adventure-works.com,696-555-0157,S,Linda Randall,696-555-0157,0,F,1,14.0,12,26,1,0,Production,2008-09-03,,Current
2008-09-03,,152,112,519899904,NULL,11,James,Hamilton,R,0,Vice President of Production,2008-09-03,1988-02-04,adventure-works\james1,james1@adventure-works.com,870-555-0122,S,James Hamilton,870-555-0122,1,M,2,84.1346,64,52,1,0,Production,2008-09-03,,Current
2008-09-03,,153,44,314747499,NULL,11,Ramesh,Meyyappan,V,0,Application Specialist,2008-09-03,1987-10-12,adventure-works\ramesh0,ramesh0@adventure-works.com,182-555-0134,S,Ramesh Meyyappan,182-555-0134,1,M,2,27.4038,73,56,1,0,Information Services,2008-09-03,,Current
2008-09-04,,154,44,858323870,NULL,11,Stephanie,Conroy,A,0,Network Manager,2008-09-04,1983-10-24,adventure-works\stephanie0,stephanie0@adventure-works.com,594-555-0110,S,Stephanie Conroy,594-555-0110,1,F,2,39.6635,68,54,1,0,Information Services,2008-09-04,,Current
2008-09-04,,155,111,25011600,NULL,11,Samantha,Smith,H,0,Production Technician - WC20,2008-09-04,1987-06-22,adventure-works\samantha0,samantha0@adventure-works.com,587-555-0114,M,Samantha Smith,587-555-0114,0,F,1,14.0,7,23,1,0,Production,2008-09-04,,Current
2008-09-05,,156,214,436757988,NULL,11,Tawana,Nusbaum,G,0,Production Technician - WC40,2008-09-05,1989-06-10,adventure-works\tawana0,tawana0@adventure-works.com,368-555-0113,S,Tawana Nusbaum,368-555-0113,0,M,1,15.0,50,45,1,0,Production,2008-09-05,,Current
2008-09-05,,157,16,652535724,NULL,11,Denise,Smith,H,0,Production Technician - WC50,2008-09-05,1988-02-04,adventure-works\denise0,denise0@adventure-works.com,869-555-0119,M,Denise Smith,869-555-0119,0,F,1,11.0,9,24,1,0,Production,2008-09-05,,Current
2008-09-06,,158,32,416679555,NULL,11,Hao,Chen,O,0,Human Resources Administrative Assistant,2008-09-06,1976-11-15,adventure-works\hao0,hao0@adventure-works.com,806-555-0136,S,Hao Chen,806-555-0136,0,M,2,13.9423,52,46,1,0,Human Resources,2008-09-06,,Current
2008-09-08,,159,126,377784364,NULL,11,Alex,Nayberg,M,0,Production Technician - WC45,2008-09-08,1989-11-11,adventure-works\alex0,alex0@adventure-works.com,819-555-0198,M,Alex Nayberg,819-555-0198,0,M,1,10.0,77,58,1,0,Production,2008-09-08,,Current
2008-09-08,,160,9,66073987,NULL,11,Eugene,Kogan,O,0,Production Technician - WC60,2008-09-08,1975-09-10,adventure-works\eugene1,eugene1@adventure-works.com,173-555-0179,S,Eugene Kogan,173-555-0179,0,M,1,12.45,36,38,1,0,Production,2008-09-08,,Current
2008-09-08,,161,18,999440576,NULL,11,Brandon,Heidepriem,G,0,Production Technician - WC60,2008-09-08,1976-08-10,adventure-works\brandon0,brandon0@adventure-works.com,429-555-0137,M,Brandon Heidepriem,429-555-0137,0,M,1,12.45,22,31,1,0,Production,2008-09-08,,Current
2008-09-08,,162,3,134969118,NULL,11,Dylan,Miller,A,0,Research and Development Manager,2008-09-08,1986-09-24,adventure-works\dylan0,dylan0@adventure-works.com,181-555-0156,M,Dylan Miller,181-555-0156,1,M,2,50.4808,61,50,1,0,Research and Development,2008-09-08,,Current
2008-09-08,,163,23,551834634,NULL,11,Shane,Kim,S,0,Production Supervisor - WC45,2008-09-08,1989-12-22,adventure-works\shane0,shane0@adventure-works.com,810-555-0178,S,Shane Kim,810-555-0178,0,M,2,25.0,75,57,1,0,Production,2008-09-08,,Current
2008-09-09,,164,186,305522471,NULL,11,John,Chen,Y,0,Production Technician - WC20,2008-09-09,1985-11-03,adventure-works\john2,john2@adventure-works.com,201-555-0163,M,John Chen,201-555-0163,0,M,1,14.0,18,29,1,0,Production,2008-09-09,,Current
2008-09-09,,165,92,260770918,NULL,11,Karen,Berge,R,0,Document Control Assistant,2008-09-09,1975-07-25,adventure-works\karen0,karen0@adventure-works.com,746-555-0164,M,Karen Berge,746-555-0164,0,F,2,10.25,79,59,1,0,Document Control,2008-09-09,,Current
2008-09-10,,166,18,788456780,NULL,11,Jose,Lugo,R,0,Production Technician - WC60,2008-09-10,1984-02-29,adventure-works\jose0,jose0@adventure-works.com,587-555-0115,M,Jose Lugo,587-555-0115,0,M,1,12.45,20,30,1,0,Production,2008-09-10,,Current
2008-09-10,,167,76,370581729,NULL,11,Mandar,Samant,H,0,Production Technician - WC50,2008-09-10,1985-10-19,adventure-works\mandar0,mandar0@adventure-works.com,140-555-0132,S,Mandar Samant,140-555-0132,0,M,1,11.0,0,20,1,0,Production,2008-09-10,,Current
2008-09-10,,168,278,603686790,NULL,11,Mikael,Sandberg,Q,0,Buyer,2008-09-10,1984-03-17,adventure-works\mikael0,mikael0@adventure-works.com,309-555-0170,S,Mikael Sandberg,309-555-0170,0,M,2,18.2692,59,49,1,0,Purchasing,2008-09-10,,Current
2008-09-11,,169,76,152085091,NULL,11,Sameer,Tejani,A,0,Production Technician - WC50,2008-09-11,1978-01-24,adventure-works\sameer0,sameer0@adventure-works.com,990-555-0172,M,Sameer Tejani,990-555-0172,0,M,1,11.0,4,22,1,0,Production,2008-09-11,,Current
2008-09-11,,170,142,663843431,NULL,11,Dragan,Tomic,K,0,Accounts Payable Specialist,2008-09-11,1976-09-14,adventure-works\dragan0,dragan0@adventure-works.com,117-555-0185,M,Dragan Tomic,117-555-0185,0,M,2,19.0,63,51,1,0,Finance,2008-09-11,,Current
2008-09-12,,171,177,227319668,NULL,11,Carol,Philips,M,0,Production Technician - WC30,2008-09-12,1988-05-17,adventure-works\carol0,carol0@adventure-works.com,609-555-0153,M,Carol Philips,609-555-0153,0,F,1,9.5,45,42,1,0,Production,2008-09-12,,Current
2008-09-13,,172,89,578953538,NULL,11,Rob,Caron,T,0,Production Technician - WC40,2008-09-13,1973-03-04,adventure-works\rob1,rob1@adventure-works.com,238-555-0116,S,Rob Caron,238-555-0116,0,M,1,15.0,71,55,1,0,Production,2008-09-13,,Current
2008-09-13,,173,40,222400012,NULL,11,Don,Hall,L,0,Production Technician - WC50,2008-09-13,1971-01-11,adventure-works\don0,don0@adventure-works.com,100-555-0174,M,Don Hall,100-555-0174,0,M,1,11.0,88,64,1,0,Production,2008-09-13,,Current
2008-09-13,,174,46,470689086,NULL,11,Alan,Brewer,J,0,Scheduling Assistant,2008-09-13,1983-10-28,adventure-works\alan0,alan0@adventure-works.com,438-555-0172,M,Alan Brewer,438-555-0172,0,M,2,16.0,47,43,1,0,Production Control,2008-09-13,,Current
2008-09-14,,175,188,860123571,NULL,11,David,Lawrence,Oliver,0,Production Technician - WC30,2008-09-14,1985-04-23,adventure-works\david7,david7@adventure-works.com,118-555-0177,M,David Lawrence,118-555-0177,0,M,1,9.5,29,34,1,0,Production,2008-09-14,,Current
2008-09-15,,176,89,273260055,NULL,11,Baris,Cetinok,F,0,Production Technician - WC40,2008-09-15,1990-05-07,adventure-works\baris0,baris0@adventure-works.com,164-555-0114,S,Baris Cetinok,164-555-0114,0,M,1,15.0,72,56,1,0,Production,2008-09-15,,Current
2008-09-15,,177,23,578935259,NULL,11,Michael,Ray,Sean,0,Production Supervisor - WC30,2008-09-15,1988-08-29,adventure-works\michael3,michael3@adventure-works.com,156-555-0199,S,Michael Ray,156-555-0199,0,M,2,25.0,70,55,1,0,Production,2008-09-15,,Current
2008-09-15,,178,20,752513276,NULL,11,Steve,Masters,F,0,Production Technician - WC60,2008-09-15,1990-11-04,adventure-works\steve0,steve0@adventure-works.com,712-555-0170,S,Steve Masters,712-555-0170,0,M,1,12.45,31,35,1,0,Production,2008-09-15,,Current
2008-09-16,,179,18,754372876,NULL,11,Suchitra,Mohan,O,0,Production Technician - WC60,2008-09-16,1987-01-08,adventure-works\suchitra0,suchitra0@adventure-works.com,753-555-0129,M,Suchitra Mohan,753-555-0129,0,F,1,12.45,15,27,1,0,Production,2008-09-16,,Current
2008-09-16,,180,44,58317344,NULL,11,Karen,Berg,A,0,Application Specialist,2008-09-16,1977-12-17,adventure-works\karen1,karen1@adventure-works.com,654-555-0177,S,Karen Berg,654-555-0177,1,F,2,27.4038,74,57,1,0,Information Services,2008-09-16,,Current
2008-09-16,,181,147,404159499,NULL,11,Terrence,Earls,W,0,Production Technician - WC20,2008-09-16,1984-07-08,adventure-works\terrence0,terrence0@adventure-works.com,110-555-0115,S,Terrence Earls,110-555-0115,0,M,1,14.0,13,26,1,0,Production,2008-09-16,,Current
2008-09-18,,182,142,363910111,NULL,11,Barbara,Moreland,C,0,Accountant,2008-09-18,1975-08-04,adventure-works\barbara1,barbara1@adventure-works.com,822-555-0145,M,Barbara Moreland,822-555-0145,1,F,2,26.4423,58,49,1,0,Finance,2008-09-18,,Current
2008-09-18,,183,40,599942664,NULL,11,Chad,Niswonger,W,0,Production Technician - WC50,2008-09-18,1990-03-04,adventure-works\chad0,chad0@adventure-works.com,559-555-0175,M,Chad Niswonger,559-555-0175,0,M,1,11.0,99,69,1,0,Production,2008-09-18,,Current
2008-09-19,,184,138,993310268,NULL,11,Rostislav,Shabalin,E,0,Production Technician - WC30,2008-09-19,1977-04-13,adventure-works\rostislav0,rostislav0@adventure-works.com,751-555-0134,M,Rostislav Shabalin,751-555-0134,0,M,1,9.5,40,40,1,0,Production,2008-09-19,,Current
2008-09-20,,185,201,20244403,NULL,11,Belinda,Newman,M,0,Production Technician - WC45,2008-09-20,1974-10-15,adventure-works\belinda0,belinda0@adventure-works.com,319-555-0126,S,Belinda Newman,319-555-0126,0,F,1,10.0,83,61,1,0,Production,2008-09-20,,Current
2008-09-20,,186,23,862951447,NULL,11,Katie,McAskill-White,L,0,Production Supervisor - WC20,2008-09-20,1984-06-18,adventure-works\katie0,katie0@adventure-works.com,809-555-0133,S,Katie McAskill-White,809-555-0133,0,F,2,25.0,42,41,1,0,Production,2008-09-20,,Current
2008-09-21,,187,188,551346974,NULL,11,Russell,King,M,0,Production Technician - WC30,2008-09-21,1981-09-11,adventure-works\russell1,russell1@adventure-works.com,517-555-0122,M,Russell King,517-555-0122,0,M,1,9.5,24,32,1,0,Production,2008-09-21,,Current
2008-09-21,,188,23,60114406,NULL,11,Jack,Richins,S,0,Production Supervisor - WC30,2008-09-21,1983-01-20,adventure-works\jack0,jack0@adventure-works.com,552-555-0111,S,Jack Richins,552-555-0111,0,M,2,25.0,68,54,1,0,Production,2008-09-21,,Current
2008-09-22,,189,23,33237992,NULL,11,Andrew,Hill,R,0,Production Supervisor - WC10,2008-09-22,1988-04-06,adventure-works\andrew0,andrew0@adventure-works.com,908-555-0159,S,Andrew Hill,908-555-0159,0,M,2,25.0,65,52,1,0,Production,2008-09-22,,Current
2008-09-22,,190,89,1300049,NULL,11,Nicole,Holliday,B,0,Production Technician - WC40,2008-09-22,1985-11-07,adventure-works\nicole0,nicole0@adventure-works.com,508-555-0129,M,Nicole Holliday,508-555-0129,0,F,1,15.0,67,53,1,0,Production,2008-09-22,,Current
2008-09-23,,191,16,10708100,NULL,11,Frank,Miller,T,0,Production Technician - WC50,2008-09-23,1971-02-21,adventure-works\frank1,frank1@adventure-works.com,167-555-0139,S,Frank Miller,167-555-0139,0,M,1,11.0,10,25,1,0,Production,2008-09-23,,Current
2008-09-23,,192,154,672243793,NULL,11,Peter,Connelly,I,0,Network Administrator,2008-09-23,1979-12-27,adventure-works\peter1,peter1@adventure-works.com,310-555-0133,S,Peter Connelly,310-555-0133,0,M,2,32.4519,69,54,1,0,Information Services,2008-09-23,,Current
2008-09-23,,193,111,63761469,NULL,11,Anibal,Sousa,T,0,Production Technician - WC20,2008-09-23,1974-04-05,adventure-works\anibal0,anibal0@adventure-works.com,106-555-0120,S,Anibal Sousa,106-555-0120,0,F,1,14.0,8,24,1,0,Production,2008-09-23,,Current
2008-09-24,,194,214,693168613,NULL,11,Ken,Myer,L,0,Production Technician - WC40,2008-09-24,1980-12-26,adventure-works\ken1,ken1@adventure-works.com,949-555-0174,M,Ken Myer,949-555-0174,0,M,1,15.0,51,45,1,0,Production,2008-09-24,,Current
2008-09-25,,195,32,476980013,NULL,11,Grant,Culbertson,N,0,Human Resources Administrative Assistant,2008-09-25,1975-11-15,adventure-works\grant0,grant0@adventure-works.com,955-555-0131,S,Grant Culbertson,955-555-0131,0,M,2,13.9423,53,46,1,0,Human Resources,2008-09-25,,Current
2008-09-25,,196,40,334834274,NULL,11,Michael,Entin,T,0,Production Technician - WC50,2008-09-25,1989-01-13,adventure-works\michael4,michael4@adventure-works.com,817-555-0186,S,Michael Entin,817-555-0186,0,M,1,11.0,94,67,1,0,Production,2008-09-25,,Current
2008-09-26,,197,163,399658727,NULL,11,Lionel,Penuchot,C,0,Production Technician - WC45,2008-09-26,1987-10-13,adventure-works\lionel0,lionel0@adventure-works.com,450-555-0152,S,Lionel Penuchot,450-555-0152,0,M,1,10.0,78,59,1,0,Production,2008-09-26,,Current
2008-09-26,,198,9,500412746,NULL,11,Thomas,Michaels,R,0,Production Technician - WC60,2008-09-26,1985-08-10,adventure-works\thomas0,thomas0@adventure-works.com,278-555-0118,M,Thomas Michaels,278-555-0118,0,M,1,12.45,37,38,1,0,Production,2008-09-26,,Current
2008-09-26,,199,87,652779496,NULL,11,Jimmy,Bischoff,T,0,Stocker,2008-09-26,1990-06-01,adventure-works\jimmy0,jimmy0@adventure-works.com,927-555-0168,M,Jimmy Bischoff,927-555-0168,0,M,1,9.0,96,68,1,0,Shipping and Receiving,2008-09-26,,Current
2008-09-26,,200,138,878395493,NULL,11,Michael,Vanderhyde,T,0,Production Technician - WC30,2008-09-26,1982-04-18,adventure-works\michael5,michael5@adventure-works.com,296-555-0121,M,Michael Vanderhyde,296-555-0121,0,M,1,9.5,35,37,1,0,Production,2008-09-26,,Current
2008-09-26,,201,23,332349500,NULL,11,Lori,Kane,A,0,Production Supervisor - WC45,2008-09-26,1980-02-16,adventure-works\lori0,lori0@adventure-works.com,289-555-0196,S,Lori Kane,289-555-0196,0,F,2,25.0,76,58,1,0,Production,2008-09-26,,Current
2008-09-28,,202,278,792847334,NULL,11,Arvind,Rao,B,0,Buyer,2008-09-28,1974-03-21,adventure-works\arvind0,arvind0@adventure-works.com,848-555-0163,M,Arvind Rao,848-555-0163,0,M,2,18.2692,60,50,1,0,Purchasing,2008-09-28,,Current
2008-09-28,,203,186,621932914,NULL,11,Stefen,Hesse,A,0,Production Technician - WC20,2008-09-28,1975-07-21,adventure-works\stefen0,stefen0@adventure-works.com,165-555-0113,S,Stefen Hesse,165-555-0113,0,M,1,14.0,19,29,1,0,Production,2008-09-28,,Current
2008-09-28,,204,23,398223854,NULL,11,Hazem,Abolrous,E,0,Quality Assurance Manager,2008-09-28,1977-05-26,adventure-works\hazem0,hazem0@adventure-works.com,869-555-0125,S,Hazem Abolrous,869-555-0125,1,M,2,28.8462,80,60,1,0,Quality Assurance,2008-09-28,,Current
2008-09-29,,205,142,519756660,NULL,11,Janet,Sheperdigian,L,0,Accounts Payable Specialist,2008-09-29,1978-10-07,adventure-works\janet0,janet0@adventure-works.com,393-555-0186,M,Janet Sheperdigian,393-555-0186,0,F,2,19.0,64,52,1,0,Finance,2008-09-29,,Current
2008-09-30,,206,76,912141525,NULL,11,Elizabeth,Keyser,I,0,Production Technician - WC50,2008-09-30,1989-08-25,adventure-works\elizabeth0,elizabeth0@adventure-works.com,318-555-0137,M,Elizabeth Keyser,318-555-0137,0,F,1,11.0,5,22,1,0,Production,2008-09-30,,Current
2008-09-30,,207,7,243322160,NULL,11,Terry,Eminhizer,J,0,Marketing Specialist,2008-09-30,1985-09-04,adventure-works\terry0,terry0@adventure-works.com,138-555-0118,M,Terry Eminhizer,138-555-0118,0,M,2,14.4231,44,42,1,0,Marketing,2008-09-30,,Current
2008-10-01,,208,188,568626529,NULL,11,John,Frum,N,0,Production Technician - WC30,2008-10-01,1981-10-22,adventure-works\john3,john3@adventure-works.com,663-555-0172,S,John Frum,663-555-0172,0,M,1,9.5,27,33,1,0,Production,2008-10-01,,Current
2008-10-01,,209,177,301435199,NULL,11,Merav,Netz,A,0,Production Technician - WC30,2008-10-01,1982-12-11,adventure-works\merav0,merav0@adventure-works.com,224-555-0187,M,Merav Netz,224-555-0187,0,F,1,9.5,46,43,1,0,Production,2008-10-01,,Current
2008-10-01,,210,46,368691270,NULL,11,Brian,LaMee,P,0,Scheduling Assistant,2008-10-01,1984-03-11,adventure-works\brian1,brian1@adventure-works.com,313-555-0196,M,Brian LaMee,313-555-0196,0,M,2,16.0,48,44,1,0,Production Control,2008-10-01,,Current
2008-10-02,,211,40,211789056,NULL,11,Kitti,Lertpiriyasuwat,H,0,Production Technician - WC50,2008-10-02,1987-01-04,adventure-works\kitti0,kitti0@adventure-works.com,785-555-0132,S,Kitti Lertpiriyasuwat,785-555-0132,0,F,1,11.0,89,64,1,0,Production,2008-10-02,,Current
2008-10-03,,212,20,63179277,NULL,11,Jay,Adams,G,0,Production Technician - WC60,2008-10-03,1975-09-11,adventure-works\jay0,jay0@adventure-works.com,407-555-0165,S,Jay Adams,407-555-0165,0,M,1,12.45,32,36,1,0,Production,2008-10-03,,Current
2008-10-03,,213,188,587567941,NULL,11,Jan,Miksovsky,S,0,Production Technician - WC30,2008-10-03,1974-06-15,adventure-works\jan0,jan0@adventure-works.com,139-555-0131,S,Jan Miksovsky,139-555-0131,0,M,1,9.5,30,35,1,0,Production,2008-10-03,,Current
2008-10-03,,214,23,634335025,NULL,11,Brenda,Diaz,M,0,Production Supervisor - WC40,2008-10-03,1982-09-28,adventure-works\brenda0,brenda0@adventure-works.com,142-555-0139,M,Brenda Diaz,142-555-0139,0,F,2,25.0,71,55,1,0,Production,2008-10-03,,Current
2008-10-04,,215,126,65848458,NULL,11,Andrew,Cencini,M,0,Production Technician - WC45,2008-10-04,1988-04-24,adventure-works\andrew1,andrew1@adventure-works.com,207-555-0192,S,Andrew Cencini,207-555-0192,0,M,1,10.0,73,56,1,0,Production,2008-10-04,,Current
2008-10-04,,216,92,260805477,NULL,11,Chris,Norred,K,0,Control Specialist,2008-10-04,1986-12-24,adventure-works\chris1,chris1@adventure-works.com,575-555-0126,M,Chris Norred,575-555-0126,0,M,2,16.8269,75,57,1,0,Document Control,2008-10-04,,Current
2008-10-05,,217,18,442121106,NULL,11,Chris,Okelberry,O,0,Production Technician - WC60,2008-10-05,1986-03-07,adventure-works\chris2,chris2@adventure-works.com,315-555-0144,S,Chris Okelberry,315-555-0144,0,M,1,12.45,16,28,1,0,Production,2008-10-05,,Current
2008-10-05,,218,147,300946911,NULL,11,Shelley,Dyck,N,0,Production Technician - WC20,2008-10-05,1986-07-08,adventure-works\shelley0,shelley0@adventure-works.com,991-555-0184,S,Shelley Dyck,991-555-0184,0,F,1,14.0,14,27,1,0,Production,2008-10-05,,Current
2008-10-06,,219,214,440379437,NULL,11,Gabe,Mares,B,0,Production Technician - WC40,2008-10-06,1987-12-09,adventure-works\gabe0,gabe0@adventure-works.com,310-555-0117,M,Gabe Mares,310-555-0117,0,M,1,15.0,57,48,1,0,Production,2008-10-06,,Current
2008-10-06,,220,142,480951955,NULL,11,Mike,Seamans,K,0,Accountant,2008-10-06,1979-01-29,adventure-works\mike0,mike0@adventure-works.com,927-555-0150,S,Mike Seamans,927-555-0150,1,M,2,26.4423,59,49,1,0,Finance,2008-10-06,,Current
2008-12-01,,221,162,879342154,NULL,11,Michael,Raheem,NULL,0,Research and Development Manager,2008-12-01,1984-06-30,adventure-works\michael6,michael6@adventure-works.com,330-555-2568,M,Michael Raheem,330-555-2568,1,M,2,42.4808,16,64,1,0,Research and Development,2008-12-01,,Current
